peptide,y_df1,y_df2
AAAAARRRIRKQAHAHSK,0,
AAVALLPAVLLALLAK,,2.207688213
AAVALLPAVLLALLAP,,2.12027772
AAVALLPAVLLALLAPRRRRRR,,2.033061693
AAYLLAKINLKALAALAKKIL,1,
ADVFDRGGPYLQRGVADLVPTATLLDTYSP,0,
AEKVDPVKLNLTLSAAAEALTGLGDK,1,
AGCKNFFWKTFTSC,0,
AGYLLGKINLKALAALAKKIL,1,2.414689293
AGYLLGKINLKALAALAKKILTYADFIASGRTGRRNAI,1,
AGYLLGKINLKPLAALAKKIL,1,
AGYLLGKINLRALAALARRIL,1,
AGYLLGKLKALAALAKKIL,0,
AGYLLGPINLKALAALAKKIL,1,
AHALCLTERQIKSNRRMKWKKEN,0,
AIIYRDLIS,,0.515873844
AIPNNQLGFPFK,,0.71432976
AKKRRQRRR,0,
ALIILRRRIRKQAHAHSK,0,
ALWKTLLKKVLKA,,1.870579461
ALWKTLLKKVLKAPKKKRKV,,2.157970244
ALWMRWYSPTTRRYG,0,
APWHLSSQYSRT,,0.674861141
AQIKIWFQNRRMKWKK,1,2.146809963
ARAAARQARA,,0.201397124
ARNPIHLAAPALAE,0,
ARTINAQQAELDSALLAAAGFGNTTADVFDRG,0,
ASMWERVKSIIKSSLAAASNI,,1.434089638
AVPAENALNNPF,,1.197280558
AYRIKPTFRRLKWKYKGKFW,,2.223651667
CGAYDLRRRERQSRLRRRERQSR,,1.695131298
CGNKRTRGC,,1.076276255
CIISRDLISH,,1.112269768
CRFRFKCCKK,1,
CRFRWKCCKK,1,
CRQIKIWFPNRRMKWKKC,,1.946353997
CRQIKIWFQNRRMKWKK,,2.027553454
CRWRFKCCKK,1,
CRWRWKCCKK,1,
CRWRWKCG,1,
CRWRWKCGCKK,1,
CRWRWKCSKK,1,
CRWRWKSSKK,0,
CSIPPEVKFNPFVYLI,,1.926136571
CVKRGLKLRHVRPRVTRDV,,1.931762888
CVQWSLLRGYQPC,,1.722222464
CWKKK,,1.449324093
CWKKKKKKKK,,1.966517176
CWKKKKKKKKKKKKK,,2.204879334
CWKKKKKKKKKKKKKKKKKK,,2.621113938
CYFQNCPRG,0,
DCRWRWKCCKK,1,
DFDMLRCMLGRVYRPCWQV,0,
DFNKFHTFPQTAIGVGAP,,1.035029282
DPATNPGPHFPR,,0.612783857
DPVDTPNPTRRKPGK,,0.954724791
DRDDRDDRDDRDDRDDR,,0.311753861
DRDRDRDRDR,,-1.301029996
DRRRRGSRPSGAERRRR,,1.130333768
DRRRRGSRPSGAERRRRRAAAA,,1.137037455
DSLKSYWYLQKFSWR,1,1.829303773
DTWAGVEAIIRILQQLLFIHFR,,1.882410684
EEEAA,0,0.485721426
EEEAAGRKRKKRT,1,
EEEAAKKK,0,1.065579715
EILLPNNYNAYESYKYPGMFIALSK,0,
EKGKKIFIMK,0,
EKRPRTAFSSEQLARLKREFNENRYLTTERRRQQLSSELGLNEAQIKIWFQNKRAKIKKST,1,
ELALELALEALEAALELA,0,
ELPVM,,0.741151599
EPDNWSLDFPRR,,0.474216264
ERERERERERERER,,0.318063335
ERKKRRRE,0,
FAPWDTASFMLG,,0.527629901
FDPFFWKYSPRD,,1.78490245
FFFAAGRKRKKRT,0,
FIIFRIAASHKK,,2.433961745
FIRIGC,,1.90810954
FITKALGISYGRKKRR,0,1.780677274
FITKALGISYGRKKRRQC,0,
FITKALGISYGRKKRRQRRRPPQ,1,2.081203239
FKKFRKF,0,1.113943352
FLGKKFKKYFLQLLK,1,2.463788507
FLIFIRVICIVIAKLKANLMCKT,1,1.496237545
FQNRRMKWKK,1,1.424391554
FQPYDHPAEVSY,,1.004321374
FQWQRNMRKVRGPPVS,0,
FTYKNFFWLPEL,,1.701395269
FVPIFTHSELQKIREKERNKGQ,0,
FVTRGCPRRLVARLIRVMVPRR,1,2.196203829
GALFLGFLGAAGSTMGAWSQPKSKRKV,0,
GALFLGWLGAAGSTMGA,,0.930439595
GAYDLRRRERQSRLRRRERQSR,,1.488550717
GDVYADAAPDLFDFLDSSVTTARTINA,0,
GEQIAQLIAGYIDIILKKKKSK,,2.291235611
GIGKFLHSAKKWGKAFVGQIMNC,1,
GIWFAYSRGHFRTKKGT,0,
GKHRHERGHHRDRRER,,1.024485668
GKINLKALAALAKKIL,,2.073754998
GKKKKKKKKK,,0.967547976
GKKKKKQKKKPWQ,0,
GKKKKRKREKL,1,0.488550717
GKKKRKLSNRESAKRSR,,0.884795364
GKKTNLFSALIKKKKTA,,1.228913406
GKRARNTEAARRSRARKL,,1.371067862
GKRKKKGKLGKKRDP,,0.938019097
GKRKKKGKLGKKRPRSR,,1.728759475
GKRRRRATAKYRSAH,,1.377488383
GKRVAKRKLIEQNRERRR,,1.42357352
GKYVSLTTPKNPTKRRITPKDV,0,
GLFEALLELLESLWELLLEA,,1.94948759
GLFKALLKLLKSLWKLLLKA,,2.514095958
GLFRALLRLLRSLWRLLLRA,,1.942603249
GLGDKFGESIVNANTVLDDLNSRMPQSRHDIQQL,0,
GLGSLLKKAGKKLKQPKSKRKV,,1.607133204
GLRKRLRKFRNKIKEK,1,1.642266619
GLWRALWRALRSLWKLKRKV,,2.585054446
GLWRALWRALWRSLWKKKRKV,,2.466941726
GLWRALWRALWRSLWKLKRKV,,2.434712581
GLWRALWRALWRSLWKLKWKV,,2.313044233
GLWRALWRALWRSLWKSKRKV,,2.430768212
GLWRALWRGLRSLWKKKRKV,,2.574228103
GLWRALWRGLRSLWKLKRKV,,2.541154726
GLWRALWRLLRSLWRLLWKA,,1.686636269
GLWRALWRLLRSLWRLLWRA,,1.457276186
GLWWRLWWRLRSWFRLWFRA,,1.365487985
GPFHFYQFLFPPV,1,1.589167391
GRKGKHKRKKLP,,1.140508043
GRKKRRQARAPPQC,0,
GRKKRRQPPQC,0,
GRKKRRQRARPPQC,1,
GRKKRRQRPPQC,0,
GRKKRRQRRPPQC,1,2.009663317
GRKKRRQRRR,1,1.466719372
GRKKRRQRRRC,1,2.042299807
GRKKRRQRRRPP,,1.450095076
GRKKRRQRRRPPQ,1,1.46834733
GRKKRRQRRRPPQC,,2.233097688
GRKKRRQRRRPPQTYADFIASGRTGRRNAI,1,
GRKKRRQRRRPWQ,1,1.932169246
GRKLKKKKNEKEDKRPRT,,1.232233521
GRKRKKRT,1,1.048053173
GRKRKKRT,0,1.048053173
GRPRESGKKRKRKRLKP,,1.482873584
GRQLRIAGKRLEGRSK,,0.662757832
GRQLRIAGKRLRGRSK,,1.415474168
GRQLRIAGRRLRGRSR,,1.197556213
GRQLRIAGRRLRRRSR,,1.438700533
GRQLRRAGRRLRGRSR,,1.34869419
GRQLRRAGRRLRRRSR,,1.53869938
GRRERNKMAAAKCRNRRR,,1.937568039
GRRHHCRSKAKRSRHH,,1.886039276
GRRRRATAKYRTAH,,1.545430829
GRRRRKRLSHRT,,1.317227349
GRRRRRERNK,,0.887054378
GRRRRRRRRRPPQ,1,1.907411361
GSGKKGGKKICQKY,0,
GSPWGLQHHPPRT,1,0.247973266
GSRHPSLIIPRQ,,0.7930916
GSSSWWQRWWPPW,0,
GTKMIFVGIKKKEERADLIAYLKKA,1,
GWTLNSAGYLLGKFLPLILRKIVTAL,0,
GWTLNSAGYLLGKINLKALAALAKKIL,1,
GWTLNSAGYLLGKINLKAPAALAKKIL,0,
GWTLNSAGYLLGKLKALAALAKKIL,1,
GWTLNSAGYLLGPHAI,0,
GWTLNSAGYLLGPHAVGNHRSFSDKNGLTS,0,
GWTLNSKINLKALAALAKKIL,0,
GWTNLSAGYLLGPPPGFSPFR,0,
GYGNCRHFKQKPRRD,1,1.836577275
GYGRKKRRQRRRG,,1.892428547
HARIKPTFRRLKWKYKGKFW,,2.016573746
HDEFERHAEGTFTSDVSSYLEGQAAKEFIAWLVKGR,0,
HFAAWGGWSLVH,,1.10002573
HHHHHHTKRRITPKDVIDVRSVTTEINT,1,
HIQLSPFSQSWR,,1.298853076
HPGSPFPPEHRP,,0.547774705
HQHKPPPLTNNW,,0.824776462
HRHIRRQSLIML,,1.39497672
HYRIKPTARRLKWKYKGKFW,,1.903415586
HYRIKPTFRRLAWKYKGKFW,,2.089693209
HYRIKPTFRRLKWKYKGKFA,,1.952840857
IAARIKLRSRQHIKLRHL,0,
IAWVKAFIRKLRKGPLG,,2.201560978
IGCRH,,0.977723605
IHNMNFSA,0,
IIYRDLISH,,0.914871818
IKIWFQNRRMKWKK,1,2.273186532
IKRYLIKR,0,
ILRRRIRKQAHAHSK,0,
IPALK,,0.631443769
IPMIK,1,0.633468456
IPMLK,,1.181843588
IPSRWKDQFWKRWHY,1,2.064532861
IWFQNRRMKWKK,1,1.847942639
IYRDLISH,,1.062957834
KALAALLKKLAKLLAALK,1,2.340662199
KALAALLKKWAKLLAALK,1,2.431283332
KALAKALAKLWKALAKAA,1,2.5385486
KALKKLLAKWLAAAKALL,1,2.460702441
KALKLKLALALLAKLKLA,,2.475147977
KCCKWRWRCK,1,
KCFMWQEMLNKAGVPKLRCARK,0,1.914660431
KCFQWQRNMRKVR,0,
KCFQWQRNMRKVRGPPVSC,1,1.844477176
KCFQWQRNMRKVRGPPVSCIKR,1,1.962321973
KCFQWQRNMRKVRGPPVSSIKR,0,
KCGCRWRWKCGCKK,1,
KCPSRRPKR,,1.51401618
KCRWRWKCCKK,1,
KDCRWRWKCCKK,1,
KERKKRRR,,1.277150614
KETWFETWFTEWSQPKKKRKV,,1.718086295
KETWWETWWTEWSQPKKKRKV,,1.980276141
KFHTFPQTAIGVGAP,,0.592176757
KGEGAAVLLPVLLAAPG,,0.764176132
KGKKIFIMK,1,1.748265573
KIAAKSIAKIWKSILKIA,0,
KIIRRLIK,0,
KITLKLAIKAWKLALKAA,0,
KIWFQNRRMK,0,
KIWFQNRRMKWKK,1,1.712481338
KKAAQIRSQVMTHLRVI,0,
KKICTRKPRFMSAWAQ,1,1.95371138
KKKEERADLIAYLKKA,0,
KKKKKKKKKKKKKKKKKKK,,2.80072395
KKKQYTSIHHGVVEVD,0,
KKLSECLKRIGDELDS,0,
KKPGKKTTTKPTKK,,1.213517757
KKPGKKTTTKPTKKPTIKTTKK,,1.079181246
KKPTIKTTKK,,0.523746467
KKRRQRRR,0,
KKTTTKPTKK,,0.348304863
KKWKMRRNQFWIKIQR,1,1.914554699
KLAAALLKKWKKLAAALL,1,2.526197074
KLALKAAAKAWKAAAKAA,0,
KLALKAALKAWKAAAKLA,0,
KLALKALKAALKLA,0,
KLALKLALKALKAA,0,
KLALKLALKALKAALK,1,2.679791171
KLALKLALKALKAALKLA,1,2.643857172
KLALKLALKALKAALKLAGC,1,2.32261205
KLALKLALKALQAALQLA,0,2.439616866
KLALKLALKAWKAALKLA,1,2.490436081
KLALKLALKWAKLALKAA,0,
KLALQLALQALQAALQLA,1,1.888965344
KLGLKLGLKGLKGGLKLG,0,
KLGVM,,1.137037455
KLIKGRTPIKFGK,,0.804820679
KLIRKRLI,0,
KLLAKAAKKWLLLALKAA,0,
KLLAKAALKWLLKALKAA,0,
KLPCRSNTFLNIFRRKKPG,,2.167937313
KLPVM,1,0.240549248
KLPVT,,0.978636948
KLTRAQRRAAARKNKRNTRGC,1,2.032135047
KLWMRWYSATTRRYG,1,2.100473936
KLWMRWYSPTTRRYG,1,2.010639117
KLWMRWYSPWTRRYG,1,2.077585906
KLWSAWPSLWSSLWKP,,2.016448318
KMDCRPRPKCCKK,0,
KMDCRWRPKCCKK,1,
KMDCRWRWKCCKK,1,
KMDCRWRWKCKK,1,
KMDCRWRWKCSKK,1,
KMDCRWRWKKK,1,
KMDCRWRWKSCKK,1,
KMDCRWRWKSSKK,0,
KMDRWRWKKK,0,
KMDSRWRWKCCKK,0,
KMDSRWRWKCSKK,1,
KMDSRWRWKSCKK,0,
KMDSRWRWKSSKK,0,
KMIFVGIKKK,0,
KMIFVGIKKKEERA,0,
KMTRAQRRAAARRNRWTARGC,1,1.997517439
KMTRAQRRAAARRNRWTARGC,0,1.997517439
KNAWKHSSCHHRHQI,1,1.408918021
KPRSKNPPKKPK,,1.218797998
KQIKIWFQNKKMKWKK,0,
KRARNTEAARRSRARKLQRMKQGC,0,
KRIHPRLTRSIR,,0.933487288
KRIIQRILSRNS,,1.187802639
KRIPNKKPGKK,,-0.408935393
KRIPNKKPGKKT,,0.824125834
KRIPNKKPGKKTTTKPTKK,,1.021189299
KRIPNKKPGKKTTTKPTKKPTIK,,1.294245716
KRIPNKKPKK,,1.482873584
KRPAAIKKAGQAKKKK,,1.15715444
KRRIRRERNKMAAAKSRNRRRELTDTGC,0,
KRRQRRR,0,
KRVSRNKSEKKRR,1,1.26927939
KRWRWKCCKK,1,
KSHAHAQKRIRRRLIILL,0,
KSICKTIPSNKPKKK,,1.313656347
KTIEAHPPYYAS,,0.794488047
KTIPSNKPKKK,,0.522444234
KTLKVAKWLKKAKPLRKLVKC,0,
KTVLLRKLLKLLVRKI,1,2.932250472
KWFETWFTEWPKKRK,,1.827433895
LAIILRRRIRKQAHAHSK,0,
LDITPFLSLTLP,,1.654850091
LDTYSPELFCTIRNFYDADRPDRGAAA,0,
LGISYGRKKRRQRRRPPQ,1,1.842921121
LGLLLRHLRHHSNLLANI,,2.266443381
LGTYTQDFNKFHTFPQTAIGVGAP,,1.182414652
LIIFAIAASHKK,,2.141857223
LIIFAILISHKK,,1.517459827
LIIFRIAASHKK,,2.313930463
LIIFRILISH,,1.691523522
LIIFRILISHHH,,1.994361152
LIIFRILISHK,,2.138081546
LIIFRILISHKK,,2.182585825
LIIFRILISHR,,1.710117365
LIIFRILISHRR,,2.080446095
LIKRKRLI,0,
LIKRRKIL,0,
LIRLWSHLIHIWFQNRRLKWKKK,,2.629001619
LKTLATALTKLAKTLTTL,1,2.340305277
LKTLTETLKELTKTLTEL,0,
LLAILRRRIRKQAHAHSK,0,
LLGKINLKALAALAKKIL,0,
LLIALRRRIRKQAHAHSK,0,
LLIIARRRIRKQAHAHSK,0,
LLIILARRIRKQAHAHSK,1,2.212240889
LLIILRARIRKQAHAHSK,1,2.3232521
LLIILRRAIRKQAHAHSK,1,2.321287665
LLIILRRRARKQAHAHSK,0,
LLIILRRRIARKQAHAHSK,1,2.360612345
LLIILRRRIRAQAHAHSK,1,2.318835192
LLIILRRRIRKAAHAHSK,1,2.400347998
LLIILRRRIRKQAAAHSK,0,
LLIILRRRIRKQAHAASK,1,2.365319476
LLIILRRRIRKQAHAHAK,1,2.364307047
LLIILRRRIRKQAHAHSA,1,2.389591307
LLIILRRRIRKQAHAHSK,,2.353570042
LLKKRKVVRLIKFLLK,1,2.638788667
LLKTTALLKTTALLKTTA,0,1.726808683
LLKTTELLKTTELLKTTE,0,1.271609301
LNSAGYLLGKALAALAKKIL,0,
LNSAGYLLGKINLKALAALAKKIL,1,2.625446218
LNSAGYLLGKLKALAALAK,0,
LNVPPSWFLSQR,,1.179838928
LPHPVLHMGPLR,,1.219846386
LRKKKKKH,0,
LRRERQSRLRRERQSR,,1.780605306
LTMPSDLQPVLW,,1.010299957
LTRNYEAWVPTP,,0.902002891
MAIYRDLIS,,0.465382851
MDAQTRRRERRAEKQAQQWKAAN,,1.155943018
MDAQTRRRERRAEKQAQWKAANGC,0,
MDCRWRWKCCKK,1,
MGLGLHLLVLAAALQGA,,1.502973059
MGLGLHLLVLAAALQGAKKKRKV,,2.473720477
MHKRPTTPSRKM,,0.797959644
MIAYRDLIS,,0.894869657
MIIARDLIS,,0.866877814
MIIFAIAASHKK,,1.97391257
MIIFKIAASHKK,,1.972573081
MIIFRAAASHKK,,1.825620825
MIIFRALISHKK,,2.291657396
MIIFRDLISH,,1.033825694
MIIFRIAASHKK,,2.080482179
MIIFRIAATHKK,,2.298831252
MIIFRIAAYHKK,,2.243583676
MIIFRILISHKK,,2.153387979
MIIRRDLISE,,0.495544338
MIISRDLISH,,0.376576957
MIIYADLIS,,1.230193379
MIIYARRAEE,,1.120902818
MIIYRAEISH,,1.208172527
MIIYRALIS,,1.587710965
MIIYRALISHKK,,1.913760886
MIIYRD,,1.071882007
MIIYRDAIS,,1.415474168
MIIYRDKKSH,,0.770115295
MIIYRDL,,1.145817714
MIIYRDLAS,,0.941014244
MIIYRDLI,,1.441066407
MIIYRDLIA,,1.117933835
MIIYRDLIS,,0.85672889
MIIYRDLISH,,0.866877814
MIIYRDLISKK,,1.289142836
MIIYRIAASHKK,,1.686278678
MLLLTRRRST,,1.481012421
MTPSSLSTLPWP,,0.725911632
MVRRFLVTLRIRRACGPPRVRV,1,1.641672373
MVTVLFRRLRIRRACGPPRVRV,1,1.890588668
NAKTRRHERRRKLAIERGC,1,1.672190251
NIENSTLATPLS,,0.195899652
NKPILVFY,0,
NKRILIRIMTRP,,1.916348652
NNNAAGRKRKKRT,0,
NRARRNRRRVR,,1.188365926
NRRMKWKK,1,1.15624619
NSGTMQSASRAT,,0.567026366
NYTTYKSHFQDR,,0.859738566
PARAARRAARR,,0.80140371
PFVYLI,,1.436003536
PIRRRKKLRRLK,,1.540704783
PKKKRKV,0,1.178401342
PKKKRKVALWKTLLKKVLKA,,2.591965668
PLSSIFSRIGDP,,0.781036939
PMLKE,1,1.123198075
PNTRVRPDVSF,,0.478566496
PPHNRIQRRLNM,,0.45484486
PPKKSAQCLRYKKPE,,1.196728723
PPRLPRPRPRPLPFPRPG,0,
PPRLRKRRQLNM,,1.097951071
PQNRLQIRRHSK,,1.230193379
PRPLPFPRPG,1,0.477121255
PRPPRLPRPRPRPLPFPRPG,0,
PRPRPLPFPRPG,0,
PRPRPRPLPFPRPG,0,
PSKRLLHNNLRR,,0.918030337
PSSSSSSRIGDP,,1.203848464
PVVHLTLRQAGDDFSR,0,
QAASRVENYMHR,,0.025305865
QIISRDLISH,,0.103803721
QIKIWFQNRRMKWKK,1,2.271748699
QLALQLALQALQAALQLA,1,1.997866726
QLPVM,,1.015359755
QNLGNQWAVGHLM,0,
QNRRMKWKK,1,1.225050696
QPIIITSPYLPS,,0.531478917
QQHLLIAINGYPRYN,1,1.393926007
QRIRKSKISRTL,,1.079904468
QSPTDFTFPNPL,,0.95230801
QTRRRERRAEKQAQW,,1.114277297
QWQRNMRKVR,0,
QWQRNMRKVRGPPVSCIKR,0,
RAGLQFPVGRVHRLLRK,,1.160168293
RAIKIWFQNRRMKWKK,1,1.930490565
RAKRRQRRR,0,
RAWMRWYSPTTRRYG,1,1.461048092
RGGRLAYLRRRWAVLGR,0,
RGGRLSYSRRRFSTSTGR,0,
RHIKIWFQNRRMKWKK,,2.156306799
RIFIGC,,1.703033305
RIFIHFRIGC,,1.689930104
RIFIRIGC,,1.421768401
RIKAERKRMRNRIAASKSRKRKLERIARGC,1,
RILQQLLFIHF,,1.542078146
RILQQLLFIHFRIGC,,1.88155583
RILQQLLFIHFRIGCRH,,1.943296615
RILQQLLFIHFRIGCRHSRI,,1.976258249
RIRMIQNLIKKT,,1.345765693
RKARRQRRR,0,
RKKARQRRR,0,
RKKRAQRRR,0,
RKKRRARRR,1,1.651374944
RKKRRQARR,0,
RKKRRQR,0,
RKKRRQRAR,0,
RKKRRQRR,1,1.41447195
RKKRRQRRA,0,
RKKRRQRRR,1,1.860158261
RKKRRRESRKKRRRES,1,1.823474229
RKKRRRESRKKRRRESC,,2.033584576
RKKRRRESRRARRSPRHL,,1.836956737
RLAMRWYSPTTRRYG,1,1.825231323
RLFMRFYSPTTRRYG,1,1.968576335
RLIKRLIK,0,
RLIMRIYSPTTRRYG,1,1.974189191
RLLMRLYSPTTRRYG,0,
RLPRPRPRPLPFPRPG,0,
RLSGMNEVLSFRWL,,1.476686743
RLVMRVYSPTTRRYG,1,2.150265087
RLWARWYSPTTRRYG,1,1.814180981
RLWMAWYSPTTRRYG,0,
RLWMRAYSPTTRRYG,0,
RLWMRWASPTTRRYG,1,1.921426341
RLWMRWYAPTTRRYG,1,1.993083361
RLWMRWYSPATRRYG,1,2.031085148
RLWMRWYSPTARRYG,1,1.949292401
RLWMRWYSPTTARYG,0,
RLWMRWYSPTTRAYG,0,
RLWMRWYSPTTRRAG,1,2.229502662
RLWMRWYSPTTRRYA,1,2.171697207
RLWMRWYSPTTRRYG,1,2.018742096
RLWMRWYSPWTRRWG,0,
RLWMRWYSPWTRRYG,1,1.532244644
RLWRALPRVLRRLLRP,,2.278296208
RLYMRYYSPTTRRYG,1,1.930847192
RMKWKK,0,
RNRSRHRR,,0.81756537
RPPGFSPFR,0,
RQAKIWFQNRRMKWKK,1,1.901294817
RQARRNRRRALWKTLLKKVLKA,,2.654147652
RQARRNRRRC,,1.836324116
RQIAIWFQNRRMKWKK,1,2.183753706
RQIKAWFQNRRMKWKK,1,1.787814567
RQIKIAFQNRRMKWKK,1,2.088844563
RQIKIFFQNRRMKFKK,1,2.323561463
RQIKIFFQNRRMKFKK,0,2.323561463
RQIKIFFQNRRMKWKK,,2.378597739
RQIKIW,0,
RQIKIWAQNRRMKWKK,1,1.883547879
RQIKIWFANRRMKWKK,1,2.220448065
RQIKIWFPNRRMKWKK,1,2.144325078
RQIKIWFQ,0,
RQIKIWFQARRMKWKK,1,2.259139758
RQIKIWFQN,0,
RQIKIWFQNARMKWKK,1,2.014394516
RQIKIWFQNMRRKWKK,,2.290635526
RQIKIWFQNR,0,
RQIKIWFQNRAMKWKK,1,2.068631064
RQIKIWFQNRR,0,
RQIKIWFQNRRAKWKK,1,2.198712057
RQIKIWFQNRRM,0,
RQIKIWFQNRRMAWKK,0,
RQIKIWFQNRRMK,1,1.820923588
RQIKIWFQNRRMKAKK,1,2.089834489
RQIKIWFQNRRMKW,1,2.090046322
RQIKIWFQNRRMKWAK,0,
RQIKIWFQNRRMKWK,1,2.388403184
RQIKIWFQNRRMKWK,0,2.388403184
RQIKIWFQNRRMKWKA,0,
RQIKIWFQNRRMKWKK,1,2.254644737
RQIKIWFQNRRMKWKKTYADFIASGRTGRRNAI,1,
RQIRIWFQNRRMRWRR,1,2.017492446
RQLRIAGRRLRGRSR,,1.401400541
RQPKIWFPNRRKPWKK,1,1.792671789
RQRSRRRPLNIR,,1.067814511
RRHHCRSKAKRSR,,1.990827051
RRIPNRRPRR,,1.290924559
RRIRPRP,0,
RRIRPRPPRLPRPRP,1,1.476686743
RRIRPRPPRLPRPRPRP,0,
RRIRPRPPRLPRPRPRPLPFPRPG,0,
RRKLSQQKEKK,0,
RRLSYSRRRF,0,
RRMKWKK,1,1.669874502
RRQRRTSKLMKR,,1.122215878
RRRERRAEK,,1.003891166
RRRQRRKKR,1,1.617210095
RRRQRRKKRGY,,1.847634344
RRRRNRTRRNRRRVRGC,1,1.864926192
RRRRR,0,0.866877814
RRRRRR,1,1.190611798
RRRRRRR,1,1.615950052
RRRRRRRR,1,1.981456167
RRRRRRRRR,1,1.669037801
RRRRRRRRRRR,1,1.41564098
RRRRRRRRRRRR,0,
RRRRRRRRRRRRRRRR,0,
RRRRRRRRRRRTYADFIASGRTGRRNAI,1,
RRRRRRRW,,1.866936818
RRVTSWLGRQLRIAGKRLEGRSK,,2.164352856
RRWRRWWRRWWRRWRR,,1.734159513
RSVTTEINTLFQTLTSIAEKVDP,0,
RTLVNEYKNTLKFSK,1,0.993876915
RTRRNRRRVR,,1.356408327
RVIRVWFQNKRCKDKK,1,2.074779882
RVIRWFQNKRCKDKK,,2.129947557
RVIRWFQNKRSKDKK,,1.851013607
RVREWWYTITLKQES,1,1.671543085
RVRILARFLRTRV,0,
RVRSWLGRQLRIAGKRLEGRSK,,1.856668484
RVRVFVVHIPRLT,1,2.439237928
RVTSWLGRQLRIAGKRLEGRSK,,1.891481704
RWRWKCCKK,1,
SAETVESCLAKSH,,1.646599752
SARHHCRSKAKRSRHH,,1.663418212
SATGAPWKMWVR,,1.06595298
SFHQFARATLAS,,1.229937686
SHAFTWPTYLQL,,1.020361283
SHNWLPLWPLRP,,1.748032894
SKKKKTKV,0,
SKRTRQTYTRYQTLELEKEFHFNRYITRRRRIDIANALSLSERQIKIWFQNRRMKSKKDR,1,
SLGWMLPFSPPF,,0.959518377
SMLKRNHSTSNR,,0.955206538
SNPWDSLLSVST,,0.371067862
SPMQKTMNLPPM,,1.202760687
SQMTRQARRLYV,,0.989449818
SRAHHCRSKAKRSRHH,,1.665674781
SRRAHCRSKAKRSRHH,,1.762153192
SRRARRSPRESGKKRKRKR,,1.721563318
SRRARRSPRHLGSG,,0.783188691
SRRHACRSKAKRSRHH,,1.847017098
SRRHHARSKAKRSRHH,,1.05422991
SRRHHCASKAKRSRHH,0,
SRRHHCRAKAKRSRHH,,1.840545188
SRRHHCRSAAKRSRHH,,1.704407927
SRRHHCRSKAARSRHH,,1.739414103
SRRHHCRSKAKASRHH,,1.677698181
SRRHHCRSKAKRARHH,,1.788663213
SRRHHCRSKAKRSAHH,,1.693814854
SRRKRQRSNMRI,,0.980911938
SRWRWKCCKK,1,
SRWRWKCSKK,0,
SRWRWKSCKK,0,
SRWRWKSSKK,0,
SSSIFPPWLSFF,,1.558228422
SWAQHLSLPPVL,,1.102090526
SWLPYPWHVPSS,,0.641474111
SWWTPWHVHSES,,0.702430536
SYIQRTPSTTLP,,1.51295108
TAKTRYKARRAELIAERR,,1.338655666
TAKTRYKARRAELIAERRGC,0,
TARRITPKDVIDVRSVTTEINT,0,
TERQIKIWFQNRRMK,0,
TFPQTAIGVGAP,,0.810232518
TKAARITPKDVIDVRSVTTEINT,0,
TKRRITPDDVIDVRSVTTEINT,0,
TKRRITPKDVIDV,0,
TKRRITPKDVIDVESVTTEINT,0,
TKRRITPKDVIDVRSVTTEINT,1,0.531478917
TKRRITPKDVIDVRSVTTEINT,0,0.531478917
TKRRITPKDVIDVRSVTTKINT,1,0.773786445
TKRRITPKKVIDVRSVTTEINT,1,1.039017322
TLPSPLALLTVH,,1.2757719
TPKTMTQTYDFS,,0.017033339
TRNKRNRIQEQLNRK,,0.562292864
TRQARRNRRRRWRERQR,1,2.092860943
TRQARRNRRRRWRERQRGC,1,
TRRQRTRRARRNRGC,1,2.061904634
TRRQRTRRARRNRGC,0,2.061904634
TRRSKRRSHRKF,,1.471878199
TRSSRAGLQWPVGRVHRLLRKGGC,1,
TSHTDAPPARSP,,0.178976947
TSPLNIHNGQKL,,0.78604121
VATIKSVSFYTRK,0,
VELPPPVELPPPVELPPP,1,
VHLPPP,0,
VHLPPPVHLPPP,0,
VHLPPPVHLPPPVHLPPP,0,
VIRVHFRLPVRTV,0,
VKLPPP,0,
VKLPPPVKLPPP,0,
VKLPPPVKLPPPVKLPPP,1,1.424718337
VKRGLKLRHVRPRVTRMDV,0,
VKRKKKPALWKTLLKKVLKA,,2.966338881
VLGQSGYLMPMR,,1.058426024
VNADIKATTVFGGKYVSLTTP,0,
VPALK,1,0.645422269
VPALR,1,0.541579244
VPMIK,,1.308991029
VPMLK,1,0.311753861
VPTLE,1,0.281033367
VPTLK,1,0
VPTLQ,1,0.695481676
VQAILRRNWNQYKIQ,0,
VQRKRQKLMP,0,
VRLPPP,0,
VRLPPPVRLPPP,0,
VRLPPPVRLPPPVRLPPP,1,1.222716471
VRRFLVTLRIRRA,1,2.243062865
VSALK,1,0.139879086
VSGKK,,0.555094449
VSKQPYYMWNGN,,0.841984805
VSLKK,,0.1430148
WFQNRRMKWKK,,1.690018781
WIIFKIAASHKK,,2.136783963
WIIFRAAASHKK,,1.960756091
WIIFRALISHKK,,2.268086304
WIIFRIAASHKK,,2.25022477
WIIFRIAATHKK,,2.436242181
WIIFRIAAYHKK,,2.275909969
WKCRRQCFRVLHHWN,,1.979366242
WLRRIKAWLRRIKALNRQLGVAA,,3.004931537
WRFKAAVALLPAVLLALLAP,,1.710625015
WRFKKSKRKV,,1.618675539
WRFKWRFK,,1.953856298
WRFKWRFKWRFK,,2.188816031
WRWRWRWRWRWRWR,,1.754348336
WSYGLRPG,0,
YARAAARQARA,,0.796574333
YARAARRAARR,,1.585573519
YAREARRAARR,,1.064457989
YARKARRAARR,,1.524655712
YEREARRAARR,,1.053462605
YGRAARRAARR,,1.174931594
YGRKKKRRQRRR,,1.899054068
YGRKKRRQRRR,,1.705264862
YGRRARRAARR,,1.532627001
YGRRARRRARR,,1.681783766
YGRRARRRRRR,,1.816638945
YGRRRRRRRRR,,1.762528522
YIVLRRRRKRVNTKRS,,2.289522064
YKRAARRAARR,,1.416474079
YKRKARRAARR,,1.523746467
YLANGEL,0,
YPRAARRAARR,,1.309630167
YPYDANHTRSPT,,0.882524538
YRFK,,0.260071388
YRFKYRFKYRLFK,,2.221701064
YRRAARRAARA,,1.482158695
YRRRRRRRRRR,,1.662285516
YSHIATLPFTPT,,0.706717782
YTAIAWVKAFIRKLRK,,2.603479982
YTQDFNKFHTFPQTAIGVGAP,,1.012415375
YYYAAGRKRKKRT,0,